Workbook

Sheet Calculation
D1: START PERIOD | E1: =TODAY() -> 45971 | G1: VAL DATE
A2: POLICY KEY | B2: CUST NAME | C2: START DATE | D2: END DATE | E2: GROSS PREMIUM | F2: COMMISSION | G2: CLASS | H2: REG DATE | I2: DURATION | J2: EARNED PERIOD | K2: EARNED FRAC | L2: EARNED PREM | M2: UPR_PERIOD | N2: UPR | O2: DAC | P2: GWP YTD

Sheet Summary
B2: Acturial Earned Premium | H2: Financal Earned Premium
B3: CLASS | C3: EP | D3: UPR | E3: DAC | F3: GWP | H3: CLASS | I3: ="FY "&YEAR(Calculation!E1)-1&" UPR" -> FY 2024 UPR | J3: EP | K3: Difference
B4: Aviation | C4: =SUMIF(Calculation!$G:$G,$B4,Calculation!L:L) -> 0 | D4: =SUMIF(Calculation!$G:$G,$B4,Calculation!N:N) -> 0 | E4: =SUMIF(Calculation!$G:$G,$B4,Calculation!O:O) -> 0 | F4: =SUMIF(Calculation!$G:$G,$B4,Calculation!P:P) -> 0 | H4: Aviation | I4: 94678643 | J4: =F4-(D4-I4) -> 94678643 | K4: =C4-J4 -> -94678643
B5: Energy | C5: =SUMIF(Calculation!$G:$G,$B5,Calculation!L:L) -> 0 | D5: =SUMIF(Calculation!$G:$G,$B5,Calculation!N:N) -> 0 | E5: =SUMIF(Calculation!$G:$G,$B5,Calculation!O:O) -> 0 | F5: =SUMIF(Calculation!$G:$G,$B5,Calculation!P:P) -> 0 | H5: Energy | I5: 1.0571486e+09 | J5: =F5-(D5-I5) -> 1.0571486e+09 | K5: =C5-J5 -> -1.0571486e+09
B6: Engineering | C6: =SUMIF(Calculation!$G:$G,$B6,Calculation!L:L) -> 0 | D6: =SUMIF(Calculation!$G:$G,$B6,Calculation!N:N) -> 0 | E6: =SUMIF(Calculation!$G:$G,$B6,Calculation!O:O) -> 0 | F6: =SUMIF(Calculation!$G:$G,$B6,Calculation!P:P) -> 0 | H6: Engineering | I6: 3.9640428e+08 | J6: =F6-(D6-I6) -> 3.9640428e+08 | K6: =C6-J6 -> -3.9640428e+08
B7: Fire | C7: =SUMIF(Calculation!$G:$G,$B7,Calculation!L:L) -> 0 | D7: =SUMIF(Calculation!$G:$G,$B7,Calculation!N:N) -> 0 | E7: =SUMIF(Calculation!$G:$G,$B7,Calculation!O:O) -> 0 | F7: =SUMIF(Calculation!$G:$G,$B7,Calculation!P:P) -> 0 | H7: Fire | I7: 1.556928e+09 | J7: =F7-(D7-I7) -> 1.556928e+09 | K7: =C7-J7 -> -1.556928e+09
B8: General Accident | C8: =SUMIF(Calculation!$G:$G,$B8,Calculation!L:L) -> 0 | D8: =SUMIF(Calculation!$G:$G,$B8,Calculation!N:N) -> 0 | E8: =SUMIF(Calculation!$G:$G,$B8,Calculation!O:O) -> 0 | F8: =SUMIF(Calculation!$G:$G,$B8,Calculation!P:P) -> 0 | H8: General Accident | I8: 1.0776813e+09 | J8: =F8-(D8-I8) -> 1.0776813e+09 | K8: =C8-J8 -> -1.0776813e+09
B9: Marine Cargo | C9: =SUMIF(Calculation!$G:$G,$B9,Calculation!L:L) -> 0 | D9: =SUMIF(Calculation!$G:$G,$B9,Calculation!N:N) -> 0 | E9: =SUMIF(Calculation!$G:$G,$B9,Calculation!O:O) -> 0 | F9: =SUMIF(Calculation!$G:$G,$B9,Calculation!P:P) -> 0 | H9: Marine Cargo | I9: 2.378576e+08 | J9: =F9-(D9-I9) -> 2.378576e+08 | K9: =C9-J9 -> -2.378576e+08
B10: Marine Hull | C10: =SUMIF(Calculation!$G:$G,$B10,Calculation!L:L) -> 0 | D10: =SUMIF(Calculation!$G:$G,$B10,Calculation!N:N) -> 0 | E10: =SUMIF(Calculation!$G:$G,$B10,Calculation!O:O) -> 0 | F10: =SUMIF(Calculation!$G:$G,$B10,Calculation!P:P) -> 0 | H10: Marine Hull | I10: 1.6654069e+08 | J10: =F10-(D10-I10) -> 1.6654069e+08 | K10: =C10-J10 -> -1.6654069e+08
B11: Motor | C11: =SUMIF(Calculation!$G:$G,$B11,Calculation!L:L) -> 0 | D11: =SUMIF(Calculation!$G:$G,$B11,Calculation!N:N) -> 0 | E11: =SUMIF(Calculation!$G:$G,$B11,Calculation!O:O) -> 0 | F11: =SUMIF(Calculation!$G:$G,$B11,Calculation!P:P) -> 0 | H11: Motor | I11: 1.8793256e+09 | J11: =F11-(D11-I11) -> 1.8793256e+09 | K11: =C11-J11 -> -1.8793256e+09
B12: Total | C12: =SUM(C4:C11) -> 0 | D12: =SUM(D4:D11) -> 0 | E12: =SUM(E4:E11) -> 0 | F12: =SUM(F4:F11) -> 0 | H12: Total | I12: =SUM(I4:I11) -> 6.4665647e+09 | J12: =SUM(J4:J11) -> 6.4665647e+09 | K12: =SUM(K4:K11) -> -6.4665647e+09

Sheet Search
